<?xml version="1.0" encoding="UTF-8"?>
<project-private xmlns="http://www.netbeans.org/ns/project-private/1">
    <data xmlns="http://www.netbeans.org/ns/make-project-private/1">
        <activeConfTypeElem>1</activeConfTypeElem>
        <activeConfIndexElem>0</activeConfIndexElem>
    </data>
    <editor-bookmarks xmlns="http://www.netbeans.org/ns/editor-bookmarks/2" lastBookmarkId="0"/>
    <open-files xmlns="http://www.netbeans.org/ns/projectui-open-files/2">
        <group>
            <file>file:/D:/Trabajos/TP/Laboratorio_09_2024_1_20223006_Santé_Alessandro/Laboratorio09_2024_1/Cliente.h</file>
            <file>file:/D:/Trabajos/TP/Laboratorio_09_2024_1_20223006_Santé_Alessandro/Laboratorio09_2024_1/Venta.h</file>
            <file>file:/D:/Trabajos/TP/Laboratorio_09_2024_1_20223006_Santé_Alessandro/Laboratorio09_2024_1/FuncionesAuxiliares.cpp</file>
            <file>file:/D:/Trabajos/TP/Laboratorio_09_2024_1_20223006_Santé_Alessandro/Laboratorio09_2024_1/Libro.h</file>
            <file>file:/D:/Trabajos/TP/Laboratorio_09_2024_1_20223006_Santé_Alessandro/Laboratorio09_2024_1/main.cpp</file>
            <file>file:/D:/Trabajos/TP/Laboratorio_09_2024_1_20223006_Santé_Alessandro/Laboratorio09_2024_1/Fecha.h</file>
            <file>file:/D:/Trabajos/TP/Laboratorio_09_2024_1_20223006_Santé_Alessandro/Laboratorio09_2024_1/FuncionesAuxiliares.h</file>
        </group>
    </open-files>
</project-private>
