<?xml version="1.0" encoding="UTF-8"?>
<project-private xmlns="http://www.netbeans.org/ns/project-private/1">
    <data xmlns="http://www.netbeans.org/ns/make-project-private/1">
        <activeConfTypeElem>1</activeConfTypeElem>
        <activeConfIndexElem>0</activeConfIndexElem>
    </data>
    <editor-bookmarks xmlns="http://www.netbeans.org/ns/editor-bookmarks/2" lastBookmarkId="1"/>
    <open-files xmlns="http://www.netbeans.org/ns/projectui-open-files/2">
        <group>
            <file>file:/D:/Trabajos/TP/Lab02_2024_1_20223006_Santé_Alessandro/Lab02-2024-1-ArchivosDeTexto/FuncionesParaReporte.h</file>
            <file>file:/D:/Trabajos/TP/Lab02_2024_1_20223006_Santé_Alessandro/Lab02-2024-1-ArchivosDeTexto/FuncionesParaReporte.cpp</file>
            <file>file:/D:/Trabajos/TP/Lab02_2024_1_20223006_Santé_Alessandro/Lab02-2024-1-ArchivosDeTexto/main.cpp</file>
        </group>
    </open-files>
</project-private>
