<?xml version="1.0" encoding="UTF-8"?>
<project-private xmlns="http://www.netbeans.org/ns/project-private/1">
    <data xmlns="http://www.netbeans.org/ns/make-project-private/1">
        <activeConfTypeElem>1</activeConfTypeElem>
        <activeConfIndexElem>0</activeConfIndexElem>
    </data>
    <editor-bookmarks xmlns="http://www.netbeans.org/ns/editor-bookmarks/2" lastBookmarkId="0"/>
    <open-files xmlns="http://www.netbeans.org/ns/projectui-open-files/2">
        <group>
            <file>file:/D:/PUCP%202024-I/Técnicas%20de%20Programación/Labo%206%2024-1/Lab6%2024-1/main.cpp</file>
            <file>file:/D:/PUCP%202024-I/Técnicas%20de%20Programación/Labo%206%2024-1/Lab6%2024-1/FuncionesAuxiliares.cpp</file>
        </group>
    </open-files>
</project-private>
