<?xml version="1.0" encoding="UTF-8"?>
<project-private xmlns="http://www.netbeans.org/ns/project-private/1">
    <data xmlns="http://www.netbeans.org/ns/make-project-private/1">
        <activeConfTypeElem>1</activeConfTypeElem>
        <activeConfIndexElem>0</activeConfIndexElem>
    </data>
    <editor-bookmarks xmlns="http://www.netbeans.org/ns/editor-bookmarks/2" lastBookmarkId="0"/>
    <open-files xmlns="http://www.netbeans.org/ns/projectui-open-files/2">
        <group>
            <file>file:/C:/pinf/IV%20C/TP/LABS/2023-2/TP_Sol_Lab04_2023_2_P1-20240506T222838Z-001/TP_Sol_Lab04_2023_2_P1/LeerArchivosArreglos.h</file>
            <file>file:/C:/pinf/IV%20C/TP/LABS/2023-2/TP_Sol_Lab04_2023_2_P1-20240506T222838Z-001/TP_Sol_Lab04_2023_2_P1/LeerArchivosArreglos.cpp</file>
            <file>file:/C:/pinf/IV%20C/TP/LABS/2023-2/TP_Sol_Lab04_2023_2_P1-20240506T222838Z-001/TP_Sol_Lab04_2023_2_P1/main.cpp</file>
        </group>
    </open-files>
</project-private>
