<?xml version="1.0" encoding="UTF-8"?>
<project-private xmlns="http://www.netbeans.org/ns/project-private/1">
    <data xmlns="http://www.netbeans.org/ns/make-project-private/1">
        <activeConfTypeElem>1</activeConfTypeElem>
        <activeConfIndexElem>0</activeConfIndexElem>
    </data>
    <editor-bookmarks xmlns="http://www.netbeans.org/ns/editor-bookmarks/2" lastBookmarkId="0"/>
    <open-files xmlns="http://www.netbeans.org/ns/projectui-open-files/2">
        <group>
            <file>file:/C:/Users/Bleak/Downloads/20220361_silva_ariana_Laboratorio_08_2023_2/20220361_silva_ariana_Laboratorio_08_2023_2/Laboratorio08_2023_2/funcionesCadenas.cpp</file>
            <file>file:/C:/Users/Bleak/Downloads/20220361_silva_ariana_Laboratorio_08_2023_2/20220361_silva_ariana_Laboratorio_08_2023_2/Laboratorio08_2023_2/Escala.h</file>
            <file>file:/C:/Users/Bleak/Downloads/20220361_silva_ariana_Laboratorio_08_2023_2/20220361_silva_ariana_Laboratorio_08_2023_2/Laboratorio08_2023_2/Alumno.h</file>
            <file>file:/C:/Users/Bleak/Downloads/20220361_silva_ariana_Laboratorio_08_2023_2/20220361_silva_ariana_Laboratorio_08_2023_2/Laboratorio08_2023_2/main.cpp</file>
            <file>file:/C:/Users/Bleak/Downloads/20220361_silva_ariana_Laboratorio_08_2023_2/20220361_silva_ariana_Laboratorio_08_2023_2/Laboratorio08_2023_2/funciones.cpp</file>
            <file>file:/C:/Users/Bleak/Downloads/20220361_silva_ariana_Laboratorio_08_2023_2/20220361_silva_ariana_Laboratorio_08_2023_2/Laboratorio08_2023_2/Curso.h</file>
            <file>file:/C:/Users/Bleak/Downloads/20220361_silva_ariana_Laboratorio_08_2023_2/20220361_silva_ariana_Laboratorio_08_2023_2/Laboratorio08_2023_2/funcionesCadenas.h</file>
            <file>file:/C:/Users/Bleak/Downloads/20220361_silva_ariana_Laboratorio_08_2023_2/20220361_silva_ariana_Laboratorio_08_2023_2/Laboratorio08_2023_2/funciones.h</file>
        </group>
    </open-files>
</project-private>
