<?xml version="1.0" encoding="UTF-8"?>
<project-private xmlns="http://www.netbeans.org/ns/project-private/1">
    <data xmlns="http://www.netbeans.org/ns/make-project-private/1">
        <activeConfTypeElem>1</activeConfTypeElem>
        <activeConfIndexElem>0</activeConfIndexElem>
    </data>
    <editor-bookmarks xmlns="http://www.netbeans.org/ns/editor-bookmarks/2" lastBookmarkId="0"/>
    <open-files xmlns="http://www.netbeans.org/ns/projectui-open-files/2">
        <group>
            <file>file:/C:/pinf/IV%20C/TP/EX1/LAB%205%20-%202024-1/Intento_de_Solucion_Lab_05/FuncionesAuxiliares.cpp</file>
            <file>file:/C:/pinf/IV%20C/TP/EX1/LAB%205%20-%202024-1/Intento_de_Solucion_Lab_05/main.cpp</file>
            <file>file:/C:/pinf/IV%20C/TP/EX1/LAB%205%20-%202024-1/Intento_de_Solucion_Lab_05/FuncionesAuxiliares.h</file>
        </group>
    </open-files>
</project-private>
